{
  "ARIMA_statsmodels": {
    "MAE": 63.725387631904425,
    "RMSE": 79.00256803121906,
    "MAPE": 24.172047470690774
  },
  "LSTM": {
    "MAE": 15.588414781030096,
    "RMSE": 20.17636321446875,
    "MAPE": 6.1988299622168865
  }
}