{
  "TSLA": {
    "VaR95": 0.054650328403958934,
    "Sharpe_ann": 0.7781862633639587
  },
  "BND": {
    "VaR95": 0.004896366624743271,
    "Sharpe_ann": 0.3568075793343567
  },
  "SPY": {
    "VaR95": 0.017168916309954818,
    "Sharpe_ann": 0.7939152472407304
  }
}