{
  "expected_daily_return": -2.3363607165527698e-07,
  "expected_annual_return": -5.88762900571298e-05
}